SiO2,TiO2,Al2O3,FeO,MnO,MgO,Cr2O3,Fe2O3,CaO,Na2O,K2O,P2O5,NiO,BaO,CO2,SO3,SO2,PbO,SrO,ZrO2,Nb2O5,B2O3,WO3,As2O5,ZnO,MoO3,CuO,CdO,Mn2O3,Cu2O,SnO,BeO,SnO2,H2O,F,Cl,Si,Ti,Al,Fe,S,C,Cu,Pb,Zn,Co,Ni,As,Ag,Sb,Hg,Bi,Te,Mo,Mn,Mg,Ca,Na,K,Cr,Sr,Ba,Y2O3,Sc2O3,La2O3,Ce2O3,Pr2O3,Nd2O3,Sm2O3,Gd2O3,Dy2O3,ThO2,UO2,Tb2O3,V2O5,Li,PbO2,TeO2,V2O3,MnO2,Li2O,Cs2O,GeO2,Rb2O,NH42O,Ti2O3
33.74,,9.47,26.71,,,,7.51,10.43,,4.48,,,,,,,,,,,,,,,,,,,,,,,,,6.75,,,,,,,,,,,,,,,,,,,,,,,,,,,,,,,,,,,,,,,,,,,,,,,,,,
33.67,,9.64,26.86,,,,7.62,10.78,,4.52,,,,,,,,,,,,,,,,,,,,,,,,,6.78,,,,,,,,,,,,,,,,,,,,,,,,,,,,,,,,,,,,,,,,,,,,,,,,,,
34.43,,9.59,27.1,,,,7.47,10.44,,4.49,,,,,,,,,,,,,,,,,,,,,,,,,6.82,,,,,,,,,,,,,,,,,,,,,,,,,,,,,,,,,,,,,,,,,,,,,,,,,,
45.4,,26.41,,,25.3,,,,,,,,,,,,,,,,,,,,,,,,,,,,2.27,,,,,,,,,,,,,,,,,,,,,,,,,,,,,,,,,,,,,,,,,,,,,,,,,,,,
45.06,,25.67,,,25.6,,,,,,,,,,,,,,,,,,,,,,,,,,,,2.29,,,,,,,,,,,,,,,,,,,,,,,,,,,,,,,,,,,,,,,,,,,,,,,,,,,,
46.26,,26.08,,,25.81,,,,,,,,,,,,,,,,,,,,,,,,,,,,2.26,,,,,,,,,,,,,,,,,,,,,,,,,,,,,,,,,,,,,,,,,,,,,,,,,,,,
45.69,,26.28,,,26.18,,,,,,,,,,,,,,,,,,,,,,,,,,,,2.32,,,,,,,,,,,,,,,,,,,,,,,,,,,,,,,,,,,,,,,,,,,,,,,,,,,,
45.94,,26.26,,,26.12,,,,,,,,,,,,,,,,,,,,,,,,,,,,2.26,,,,,,,,,,,,,,,,,,,,,,,,,,,,,,,,,,,,,,,,,,,,,,,,,,,,
45.57,,25.63,,,25.42,,,,,,,,,,,,,,,,,,,,,,,,,,,,2.34,,,,,,,,,,,,,,,,,,,,,,,,,,,,,,,,,,,,,,,,,,,,,,,,,,,,
46.1,,25.63,,,25.4,,,,,,,,,,,,,,,,,,,,,,,,,,,,2.32,,,,,,,,,,,,,,,,,,,,,,,,,,,,,,,,,,,,,,,,,,,,,,,,,,,,
45.16,,26.08,,,26.12,,,,,,,,,,,,,,,,,,,,,,,,,,,,2.31,,,,,,,,,,,,,,,,,,,,,,,,,,,,,,,,,,,,,,,,,,,,,,,,,,,,
45.52,,25.65,,,26.22,,,,,,,,,,,,,,,,,,,,,,,,,,,,2.3,,,,,,,,,,,,,,,,,,,,,,,,,,,,,,,,,,,,,,,,,,,,,,,,,,,,
45.92,,25.88,,,26.06,,,,,,,,,,,,,,,,,,,,,,,,,,,,2.29,,,,,,,,,,,,,,,,,,,,,,,,,,,,,,,,,,,,,,,,,,,,,,,,,,,,
46.77,,25.79,,,25.54,,,,,,,,,,,,,,,,,,,,,,,,,,,,2.29,,,,,,,,,,,,,,,,,,,,,,,,,,,,,,,,,,,,,,,,,,,,,,,,,,,,
46.4,,25.93,,,26,,,,,,,,,,,,,,,,,,,,,,,,,,,,2.32,,,,,,,,,,,,,,,,,,,,,,,,,,,,,,,,,,,,,,,,,,,,,,,,,,,,
46.38,,25.74,,,26.07,,,,,,,,,,,,,,,,,,,,,,,,,,,,2.27,,,,,,,,,,,,,,,,,,,,,,,,,,,,,,,,,,,,,,,,,,,,,,,,,,,,
45.65,,25.5,,,25.21,,,,,,,,,,,,,,,,,,,,,,,,,,,,2.27,,,,,,,,,,,,,,,,,,,,,,,,,,,,,,,,,,,,,,,,,,,,,,,,,,,,
45.99,,26,,,26.1,,,,,,,,,,,,,,,,,,,,,,,,,,,,2.26,,,,,,,,,,,,,,,,,,,,,,,,,,,,,,,,,,,,,,,,,,,,,,,,,,,,
46.02,,26.22,,,26.07,,,,,,,,,,,,,,,,,,,,,,,,,,,,2.25,,,,,,,,,,,,,,,,,,,,,,,,,,,,,,,,,,,,,,,,,,,,,,,,,,,,
18.71,,41.45,,,21.2,,,13.75,,,,,,,,,,,,,,,,,,,,,,,,,4.41,,,,,,,,,,,,,,,,,,,,,,,,,,,,,,,,,,,,,,,,,,,,,,,,,,,,
18.59,,42.16,,,21.24,,,13.41,,,,,,,,,,,,,,,,,,,,,,,,,4.41,,,,,,,,,,,,,,,,,,,,,,,,,,,,,,,,,,,,,,,,,,,,,,,,,,,,
19.12,,41.94,,,21.54,,,13.41,,,,,,,,,,,,,,,,,,,,,,,,,4.28,,,,,,,,,,,,,,,,,,,,,,,,,,,,,,,,,,,,,,,,,,,,,,,,,,,,
19.05,,41.88,,,21.67,,,13.49,,,,,,,,,,,,,,,,,,,,,,,,,4.26,,,,,,,,,,,,,,,,,,,,,,,,,,,,,,,,,,,,,,,,,,,,,,,,,,,,
19.16,,41.26,,,21.29,,,13.69,,,,,,,,,,,,,,,,,,,,,,,,,4.26,,,,,,,,,,,,,,,,,,,,,,,,,,,,,,,,,,,,,,,,,,,,,,,,,,,,
19.05,,41.84,,,21.02,,,13.46,,,,,,,,,,,,,,,,,,,,,,,,,4.31,,,,,,,,,,,,,,,,,,,,,,,,,,,,,,,,,,,,,,,,,,,,,,,,,,,,
18.58,,41.36,,,21.57,,,13.29,,,,,,,,,,,,,,,,,,,,,,,,,4.25,,,,,,,,,,,,,,,,,,,,,,,,,,,,,,,,,,,,,,,,,,,,,,,,,,,,
18.66,,41.15,,,21.32,,,13.34,,,,,,,,,,,,,,,,,,,,,,,,,4.27,,,,,,,,,,,,,,,,,,,,,,,,,,,,,,,,,,,,,,,,,,,,,,,,,,,,
19.14,,41.6,,,21.06,,,13.57,,,,,,,,,,,,,,,,,,,,,,,,,4.39,,,,,,,,,,,,,,,,,,,,,,,,,,,,,,,,,,,,,,,,,,,,,,,,,,,,
18.81,,42.39,,,21.66,,,13.75,,,,,,,,,,,,,,,,,,,,,,,,,4.39,,,,,,,,,,,,,,,,,,,,,,,,,,,,,,,,,,,,,,,,,,,,,,,,,,,,
18.67,,42.44,,,21.32,,,13.73,,,,,,,,,,,,,,,,,,,,,,,,,4.37,,,,,,,,,,,,,,,,,,,,,,,,,,,,,,,,,,,,,,,,,,,,,,,,,,,,
18.65,,41.49,,,21.56,,,13.69,,,,,,,,,,,,,,,,,,,,,,,,,4.3,,,,,,,,,,,,,,,,,,,,,,,,,,,,,,,,,,,,,,,,,,,,,,,,,,,,
18.8,,41.35,,,21.31,,,13.64,,,,,,,,,,,,,,,,,,,,,,,,,4.39,,,,,,,,,,,,,,,,,,,,,,,,,,,,,,,,,,,,,,,,,,,,,,,,,,,,
19.02,,41.48,,,21.52,,,13.33,,,,,,,,,,,,,,,,,,,,,,,,,4.41,,,,,,,,,,,,,,,,,,,,,,,,,,,,,,,,,,,,,,,,,,,,,,,,,,,,
18.68,,42.04,,,21.74,,,13.44,,,,,,,,,,,,,,,,,,,,,,,,,4.31,,,,,,,,,,,,,,,,,,,,,,,,,,,,,,,,,,,,,,,,,,,,,,,,,,,,
19,,41.5,,,21.55,,,13.54,,,,,,,,,,,,,,,,,,,,,,,,,4.41,,,,,,,,,,,,,,,,,,,,,,,,,,,,,,,,,,,,,,,,,,,,,,,,,,,,
19.14,,41.88,,,21.03,,,13.48,,,,,,,,,,,,,,,,,,,,,,,,,4.27,,,,,,,,,,,,,,,,,,,,,,,,,,,,,,,,,,,,,,,,,,,,,,,,,,,,
18.63,,41.34,,,21.03,,,13.43,,,,,,,,,,,,,,,,,,,,,,,,,4.4,,,,,,,,,,,,,,,,,,,,,,,,,,,,,,,,,,,,,,,,,,,,,,,,,,,,